{"decisionTree": 0.961369622475856, "naiveBayes": 0.9920983318700615, "KNN": 0.8999122036874452, "SVC": 0.9622475856014048, "Ensemble_voting": 0.9640035118525022, "bagging": 0.961369622475856, "AdaBoost": 0.8884986830553117, "Random Forest": 0.9508340649692713}